{
	"$schema": "https://schemas.wp.org/trunk/theme.json",
	"version": 0.1,
	"settings": {
		"appearanceTools": true,
		"color": {
			"palette": [
				{
					"color": "#D9D9D9",
					"slug": "background",
					"name": "Background"
				},
				{ "color": "#FFD700", "slug": "text", "name": "Text" },
				{ "color": "#16213E", "slug": "accent", "name": "Accent" },
				{ "color": "#FFD700", "slug": "primary", "name": "Primary" },
				{ "color": "#0F3060", "slug": "seconday", "name": "Secondary" },
				{"color": "#0F3060", "slug": "background", "name": "Background"}
			]
		}
	},

	"styles": {
		"color": {
			"background": "var:preset|color|background",
			"text": "var:preset|color|text"
		},
		"elements": {},
		"blocks": {}
	}
}
